Keyword,count
Absorption, 1
Abundances, 1
Ac, 3
Academy, 7
Acc, 1
Acceptable, 1
Accepted, 1
Accumulation, 2
Acid, 2
Acs, 2
Action, 1
Active, 2
Activities, 2
Addition, 1
Address, 21
Adhere, 1
Administration, 3
Adverse, 4
Aerodynamic, 1
Aerosol, 12
Aerosols, 10
Affiliated, 1
Aged, 1
Agencies, 1
Aggravation, 3
Agric, 1
Air, 11
Airborne, 3
Allowed, 1
Alternated, 1
Altitude, 1
Altitudes, 1
Ambient, 4
Amebocyte, 1
Analyze, 1
Analyzed, 2
Annual, 1
Anthropogenic, 3
Aod, 3
Applied, 1
Apportionment, 3
Appropriate, 1
Aps, 1
Aqsm, 1
Areas, 2
Aromatic, 2
Assessment, 3
Associated, 4
Atmosphere, 1
Atmospheric, 9
Attention, 2
Attributed, 1
Auckland, 3
Australia, 1
Autumn, 1
Average, 2
Awareness, 1
Background, 1
Bacterial, 2
Bag, 1
Barley, 2
Baruch, 1
Based, 3
Basis, 3
Bay, 1
Beer, 1
Beers, 2
Beijing, 21
Beneficial, 1
Bielefeld, 2
Bioaerosol, 4
Bioavailability, 1
Bioavailable, 1
Biological, 1
Biologie, 1
Biopm, 4
Bottled, 1
Bound, 6
Boundary, 3
Bright, 1
Buffer, 1
Burdened, 1
Bureau, 1
Bwiph, 1
Cai, 1
Campus, 1
Cancer, 2
Cao, 1
Caolina, 1
Carbon, 5
Carcinogenic, 1
Cardiology, 1
Cardiovascular, 1
Caused, 4
Causing, 1
Cd, 1
Center, 26
Central, 1
Centre, 2
Cerebrovascular, 1
Challenges, 1
Challenging, 1
Change, 2
Characteristics, 4
Characterization, 1
Characterize, 1
Chem, 1
Chemical, 7
Chemically, 1
Chemistry, 4
Chen, 1
Cheng, 1
China, 74
Chinese, 16
Choking, 1
Chongming, 1
Cicaeet, 3
Cities, 1
City, 2
Civil, 1
Class, 2
Classified, 1
Clean, 1
Cleaning, 1
Clear, 4
Climate, 2
Climatic, 1
Closely, 1
Cluster, 1
Cmb, 1
Cme, 1
Cn, 12
Coefficient, 1
Coefficients, 2
Collaborative, 12
Collected, 3
College, 9
Colloidal, 2
Combustion, 2
Combustions, 1
Coming, 1
Communicable, 9
Community, 2
Comparable, 2
Comparison, 1
Complex, 1
Component, 1
Components, 1
Compositions, 3
Concentrated, 1
Concentration, 2
Concentrations, 9
Concern, 1
Conclusions, 1
Conditions, 4
Conducted, 1
Consecutive, 1
Consequently, 1
Conservation, 1
Considerably, 1
Considered, 2
Constituents, 1
Contained, 1
Content, 2
Contrast, 2
Contributed, 1
Contribution, 4
Contributions, 1
Contributors, 1
Control, 41
Convection, 1
Copyright, 7
Correlated, 2
Correlation, 1
Correlations, 2
County, 1
Criterion, 1
Crustal, 1
Cu, 1
Curb, 1
Current, 1
Cy, 1
Daily, 8
Damp, 2
Data, 1
Dawn, 1
Death, 1
Decrease, 1
Decreased, 3
Defect, 1
Definition, 1
Deglycation, 1
Degradation, 1
Degree, 1
Delta, 2
Depth, 2
Derived, 1
Describe, 1
Detectable, 1
Detected, 2
Detection, 1
Development, 2
Dhu, 1
Diagnosis, 9
Dialogue, 1
Difference, 1
Differences, 1
Diffuse, 1
Diffusion, 1
Directions, 1
Dis, 1
Discuss, 2
Discussed, 1
Diseases, 11
Dissipation, 1
Dissolved, 1
Distribution, 1
Distributions, 1
Divided, 1
Division, 1
Dominant, 1
Dominated, 3
Dong, 1
Donghua, 4
Dp, 1
Dramatically, 1
Drinking, 1
Driving, 1
Dry, 3
Duration, 1
Dust, 2
Dynamics, 4
Early, 1
Earth, 5
Easily, 1
East, 4
Ec, 2
Economic, 1
Ecust, 4
Effective, 2
Effects, 2
Electronic, 21
Elemental, 1
Elements, 5
Elevated, 1
Elsevier, 7
Emissions, 2
Employed, 1
Employing, 1
Enables, 1
Endotoxin, 2
Energy, 2
Enforce, 1
Engineering, 16
England, 1
Enrichment, 1
Environ, 8
Environment, 23
Environmental, 25
Envpol, 2
Epidemiology, 2
Episode, 3
Episodes, 4
Equations, 1
Equipment, 3
Event, 2
Events, 2
Evidence, 1
Evolution, 1
Exceeded, 1
Excellence, 1
Exerted, 1
Exists, 1
Exposed, 1
Exposure, 2
Extensively, 1
Extinction, 5
Extinctive, 1
Extractions, 1
Facilitate, 1
Factor, 1
Factorization, 1
Factors, 5
Fairfax, 1
Fakult, 2
Fang, 1
Faster, 2
Favorable, 1
Fe, 2
Feng, 1
Fermentationstechnik, 1
Fernald, 1
Fierce, 1
Filter, 1
Fine, 1
Firstly, 1
Fl, 1
Flaschel, 1
Florida, 1
Fluorescent, 4
Fog, 14
Fold, 1
Food, 1
Force, 1
Formation, 8
Formed, 1
Fossil, 1
Fractionated, 1
Fractionation, 1
Fractions, 1
Free, 4
Frequency, 1
Frequent, 2
Fresh, 1
Fudan, 1
Fuel, 1
Gainesville, 1
Gao, 1
Gas, 2
Gaseous, 3
Gels, 1
Gene, 1
Genera, 1
General, 1
Genri, 1
Geology, 2
George, 1
Germany, 1
Gm, 3
Gongshang, 2
Gov, 1
Government, 2
Ground, 1
Groups, 2
Growth, 4
Guang, 1
Guangdong, 1
Han, 3
Hangzhou, 4
Hazards, 1
Haze, 118
Hazy, 2
Health, 16
Heavy, 3
Hebei, 1
Height, 1
Henan, 1
High, 11
Higher, 13
Highest, 1
Highly, 1
Hong, 2
Hopanes, 1
Hordein, 1
Hordeins, 1
Hospital, 1
Hu, 1
Hulis, 2
Human, 1
Humic, 1
Humid, 2
Humidity, 5
Hybrid, 1
Hydrocarbons, 2
Hydrolysates, 1
Hygiene, 2
Hygroscopic, 4
Hygroscopicity, 1
Hysplit, 1
Icdc, 4
Identification, 2
Identify, 1
Ieecas, 1
Impact, 6
Impairment, 1
Implications, 2
Implying, 2
Improvement, 1
Included, 2
Includes, 1
Including, 4
Increased, 6
Increasing, 2
Incur, 1
Independent, 2
Indicate, 1
Indicated, 2
Indicating, 3
Individual, 2
Individuals, 2
Indoors, 1
Industry, 1
Infectious, 18
Influence, 1
Influencing, 1
Infrastructure, 1
Inhalation, 1
Injury, 1
Inland, 2
Innovation, 12
Inorganics, 1
Insignificant, 1
Instability, 1
Institute, 15
Instrument, 1
Int, 1
Intake, 1
Integrated, 2
Intensification, 2
Interventions, 1
Introduced, 1
Inventory, 1
Investigate, 2
Investigated, 3
Ions, 1
Isolates, 1
Issn, 2
Issue, 1
Jafc, 2
Jes, 2
Ji, 1
Jiang, 1
Jiangsu, 1
Jiaotong, 1
Jin, 1
Jinan, 2
Jing, 1
Joint, 5
Kang, 1
Key, 29
Kong, 2
Kovats, 2
Kowloon, 1
Laboratory, 28
Lagrangian, 1
Lal, 1
Large, 2
Larger, 1
Lasting, 1
Laws, 1
Layer, 3
Led, 1
Level, 2
Levels, 4
Li, 7
Lidar, 2
Life, 1
Lifestyle, 1
Lifestyles, 1
Light, 12
Lijingsddx, 1
Limulus, 1
Linear, 1
Liquid, 1
Literatures, 2
Liu, 3
Liuqiyong, 1
Liuxiaobo, 1
Live, 1
Loadings, 1
Loess, 2
London, 5
Low, 3
Lower, 3
Lowest, 1
Lpli, 1
Lshtm, 3
Lu, 1
Luhaozju, 1
Lung, 1
Lwc, 3
Lysate, 1
Ma, 1
Mail, 1
Main, 1
Major, 1
Making, 1
Man, 1
Management, 1
Marine, 1
Markedly, 1
Mask, 1
Mason, 1
Mass, 2
Matrix, 1
Matter, 2
Matters, 1
Maximum, 1
Measures, 7
Mechanism, 1
Medical, 1
Medicine, 2
Medium, 1
Medline, 3
Mega, 1
Megacity, 1
Meng, 1
Mental, 1
Metabolomforschung, 1
Metals, 2
Meteorological, 10
Methods, 1
Micro, 2
Middle, 2
Minimize, 2
Minimizing, 2
Minimum, 1
Minor, 1
Mitigation, 2
Mo, 1
Mobile, 1
Model, 2
Moderate, 1
Monitoring, 3
Mpl, 1
Multi, 1
Municipality, 1
Nanjing, 15
Natural, 1
Negative, 2
Negatively, 1
Niehaus, 1
Night, 1
Nihr, 1
Nitrogen, 1
Nju, 1
Noncarcinogenic, 1
Noon, 1
Nor, 1
North, 1
Nox, 1
Number, 3
Nz, 1
Observation, 2
Oc, 1
Occur, 2
Occurred, 1
Occurrence, 7
Occurrences, 4
Opposite, 1
Optical, 4
Options, 2
Organic, 6
Organics, 1
Originated, 1
Outcomes, 1
Outdoors, 1
Oxidation, 1
Ozone, 1
Pah, 2
Pahs, 6
Paid, 2
Pan, 1
Particle, 10
Particles, 4
Particulate, 6
Partitioning, 2
Paul, 1
Pb, 1
Peaks, 1
Pearl, 1
Peking, 2
People, 3
Period, 15
Periods, 14
Phase, 2
Phe, 1
Phthalic, 1
Physics, 3
Pilsners, 1
Ping, 1
Pku, 1
Place, 2
Plagued, 2
Plans, 1
Played, 1
Pm, 1
Pmcid, 1
Pmf, 1
Pmid, 10
Poc, 1
Policies, 1
Policy, 4
Pollut, 2
Pollutants, 5
Pollution, 26
Polycyclic, 2
Population, 1
Positive, 2
Positively, 1
Potential, 2
Prd, 1
Precipitation, 1
Precision, 1
Predict, 1
Premature, 1
Presented, 1
Pressure, 1
Prevention, 30
Primary, 2
Principal, 1
Principle, 1
Priority, 1
Private, 1
Problems, 1
Process, 6
Processes, 3
Progressed, 1
Prolamins, 1
Proline, 2
Properties, 3
Protection, 6
Protein, 3
Proteins, 5
Proteom, 1
Proteome, 2
Proteomes, 1
Proven, 1
Provide, 1
Provided, 1
Province, 3
Pt, 1
Public, 8
Published, 2
Pubmed, 10
Pulse, 2
Pyrosequencing, 1
Qian, 1
Qiao, 1
Quality, 3
Quaternary, 2
Radiation, 2
Range, 2
Rapid, 1
Rapidly, 1
Ratio, 2
Real, 1
Reduce, 2
Reduced, 1
Reduces, 1
Reference, 1
Region, 1
Regional, 1
Regions, 2
Rehydration, 1
Relationship, 1
Relative, 6
Relevant, 1
Ren, 2
Res, 1
Reserved, 5
Residents, 1
Resistance, 1
Resolution, 1
Resources, 6
Respiratory, 1
Response, 1
Restricted, 1
Results, 1
Retrieved, 1
Reuse, 3
Revealed, 1
Review, 2
Reviewed, 1
Rh, 8
Rich, 1
Rights, 5
Risk, 7
Risks, 2
River, 2
Road, 1
Role, 1
Safe, 1
Salt, 1
Sari, 1
Scale, 3
Scaled, 1
Scenarios, 1
School, 19
Schulte, 1
Sci, 7
Sciences, 10
Scientific, 1
Scitotenv, 10
Sdu, 1
Sea, 1
Searched, 1
Season, 1
Seasons, 2
Second, 1
Secondary, 9
Secondly, 1
Sensor, 1
Sequence, 1
Sequential, 1
Serious, 1
Settlements, 1
Severe, 11
Shaanxi, 1
Shandong, 4
Shanghai, 18
Shantou, 2
Shanxi, 1
Shao, 1
Shelf, 1
Shen, 2
Shifted, 1
Short, 1
Shxwang, 1
Signals, 1
Simple, 2
Simulation, 5
Simultaneous, 2
Sina, 2
Single, 1
Size, 1
Smartyjun, 1
Solar, 1
Soluble, 2
Soochow, 1
Sotiris, 1
Source, 4
Sources, 6
South, 1
Southeast, 1
Spatial, 2
Specific, 1
Spectrometer, 1
Spot, 1
Spring, 2
Stable, 1
Stagnant, 1
State, 23
States, 1
Stations, 1
Stay, 1
Strong, 2
Structures, 2
Stu, 1
Studied, 3
Substances, 1
Sufficient, 1
Sugars, 1
Summarize, 1
Summer, 4
Sun, 1
Sunny, 8
Sunshine, 1
Surface, 1
Sustainable, 1
Suzhou, 1
t, 4
Tackle, 1
Tang, 1
Tavistock, 2
Technische, 1
Technology, 11
Temperature, 2
Temperatures, 1
Temporal, 2
Temporary, 1
Term, 2
Terms, 1
Thorac, 1
Thought, 1
Three, 2
Tianjin, 1
Time, 4
Times, 1
Top, 1
Town, 1
Trajectory, 1
Trans, 1
Transport, 3
Transportation, 4
Treatment, 10
Trends, 1
Trifluoromethanesulfonic, 1
Triggered, 1
Tropical, 2
Tsinghua, 5
Tsp, 5
Types, 3
Typically, 1
Uk, 6
Ultimate, 1
Ultraviolet, 1
Und, 1
Understanding, 1
Unit, 2
United, 1
Universit, 1
Urban, 2
Usa, 2
Uv, 1
Va, 1
Vardoulakis, 2
Variation, 1
Variations, 2
Vary, 1
Vertical, 1
Visibility, 9
Vitamin, 1
Wang, 8
Wanggh, 1
Warm, 2
Water, 5
Ways, 2
Weak, 1
Wearing, 1
Weather, 2
Week, 1
Wei, 1
Wider, 1
Widespread, 1
Wilkinson, 2
Will, 1
Wind, 1
Winter, 2
Woodward, 2
Work, 2
Wsoc, 4
Wu, 7
Wuhaixia, 1
Xi, 9
Xiamen, 1
Xinling, 1
Xiu, 1
Xqian, 1
Xu, 1
Xulei, 1
Yang, 2
Yangtze, 1
Yao, 4
Year, 1
Ym, 1
Yonghangchen, 1
York, 2
Yrd, 1
Yu, 1
Zealand, 1
Zhang, 2
Zhao, 1
Zhejiang, 4
Zheng, 1
Zn, 1
Zou, 1